0x564d13fa6000, 212, 224, 218, 202, 213, 206
0x564d13fa6040, 222, 236, 230, 196, 208, 202
0x564d13fa6080, 212, 222, 217, 202, 214, 206
0x564d13fa60c0, 224, 236, 230, 200, 211, 204
0x564d13fa6100, 212, 224, 217, 202, 214, 208
0x564d13fa6140, 224, 234, 228, 196, 209, 202
0x564d13fa6180, 212, 226, 218, 202, 215, 208
0x564d13fa61c0, 224, 236, 230, 198, 211, 204
0x564d13fa6200, 224, 238, 230, 212, 225, 219
0x564d13fa6240, 220, 232, 226, 210, 223, 216
0x564d13fa6280, 228, 240, 234, 216, 228, 222
0x564d13fa62c0, 220, 232, 226, 210, 225, 216
0x564d13fa6300, 225, 238, 232, 214, 248, 221
0x564d13fa6340, 220, 242, 226, 210, 222, 216
0x564d13fa6380, 226, 240, 232, 216, 228, 222
0x564d13fa63c0, 222, 234, 228, 212, 224, 216
0x564d13fa6400, 190, 201, 196, 173, 185, 179
0x564d13fa6440, 186, 195, 190, 174, 187, 180
0x564d13fa6480, 192, 206, 198, 172, 185, 179
0x564d13fa64c0, 188, 199, 193, 176, 187, 181
0x564d13fa6500, 190, 205, 196, 174, 187, 179
0x564d13fa6540, 186, 199, 190, 174, 185, 179
0x564d13fa6580, 192, 205, 198, 173, 187, 179
0x564d13fa65c0, 188, 199, 193, 178, 189, 182
0x564d13fa6600, 216, 230, 224, 184, 195, 189
0x564d13fa6640, 220, 232, 224, 188, 201, 192
0x564d13fa6680, 218, 232, 225, 184, 197, 189
0x564d13fa66c0, 222, 232, 226, 190, 201, 196
0x564d13fa6700, 218, 231, 224, 184, 197, 189
0x564d13fa6740, 218, 232, 224, 188, 199, 193
0x564d13fa6780, 220, 231, 226, 184, 197, 190
0x564d13fa67c0, 222, 233, 226, 190, 204, 195
0x564d13fa6800, 188, 201, 193, 176, 187, 181
0x564d13fa6840, 194, 203, 198, 175, 187, 180
0x564d13fa6880, 186, 197, 191, 172, 185, 179
0x564d13fa68c0, 190, 201, 194, 174, 185, 179
0x564d13fa6900, 188, 201, 194, 176, 186, 181
0x564d13fa6940, 192, 203, 198, 174, 187, 179
0x564d13fa6980, 186, 197, 191, 173, 187, 180
0x564d13fa69c0, 190, 201, 195, 176, 187, 181
0x564d13fa6a00, 220, 232, 226, 188, 201, 194
0x564d13fa6a40, 218, 230, 224, 184, 194, 189
0x564d13fa6a80, 218, 230, 224, 186, 199, 193
0x564d13fa6ac0, 218, 230, 224, 185, 197, 189
0x564d13fa6b00, 220, 232, 226, 190, 202, 195
0x564d13fa6b40, 218, 230, 222, 184, 197, 190
0x564d13fa6b80, 218, 230, 224, 186, 199, 193
0x564d13fa6bc0, 218, 229, 223, 184, 197, 189
0x564d13fa6c00, 226, 238, 232, 198, 211, 204
0x564d13fa6c40, 212, 225, 217, 202, 213, 207
0x564d13fa6c80, 222, 234, 228, 196, 209, 202
0x564d13fa6cc0, 212, 223, 217, 202, 214, 206
0x564d13fa6d00, 224, 238, 232, 198, 211, 204
0x564d13fa6d40, 212, 224, 218, 202, 213, 206
0x564d13fa6d80, 222, 236, 228, 196, 208, 202
0x564d13fa6dc0, 212, 223, 216, 202, 213, 207
0x564d13fa6e00, 220, 230, 226, 210, 224, 217
0x564d13fa6e40, 228, 240, 234, 216, 228, 222
0x564d13fa6e80, 220, 230, 226, 210, 223, 217
0x564d13fa6ec0, 226, 238, 232, 214, 228, 220
0x564d13fa6f00, 221, 234, 228, 210, 223, 216
0x564d13fa6f40, 228, 240, 234, 218, 228, 222
0x564d13fa6f80, 220, 234, 228, 210, 224, 216
0x564d13fa6fc0, 226, 238, 232, 214, 226, 220
