0x564d13fa6000, 212, 226, 218, 200, 211, 205,0x564d13fa6000, 202, 217, 209, 196, 209, 203,0x564d13fa6000, 196, 208, 202, 192, 207, 199,0x564d13fa6000, 186, 199, 193, 192, 201, 196,0x564d13fa6000, 186, 197, 191, 186, 199, 193,0x564d13fa6000, 214, 226, 220, 190, 201, 197,0x564d13fa6000, 218, 231, 224, 194, 207, 200,0x564d13fa6000, 210, 224, 216, 198, 210, 204,0x564d13fa6000, 200, 211, 205, 194, 205, 199,0x564d13fa6000, 194, 230, 202, 191, 201, 196,0x564d13fa6000, 186, 203, 191, 188, 199, 193,0x564d13fa6000, 182, 193, 187, 184, 195, 189,0x564d13fa6000, 210, 222, 216, 188, 199, 192,0x564d13fa6000, 217, 230, 223, 192, 202, 196,0x564d13fa6000, 216, 228, 221, 202, 215, 208,0x564d13fa6000, 212, 224, 218, 202, 213, 206,
0x564d13fa6040, 224, 238, 230, 196, 209, 202,0x564d13fa6040, 214, 226, 220, 192, 203, 197,0x564d13fa6040, 212, 223, 216, 190, 201, 196,0x564d13fa6040, 184, 195, 190, 186, 196, 190,0x564d13fa6040, 190, 203, 196, 188, 201, 192,0x564d13fa6040, 200, 210, 204, 192, 203, 196,0x564d13fa6040, 204, 217, 210, 192, 205, 198,0x564d13fa6040, 220, 232, 224, 192, 240, 201,0x564d13fa6040, 211, 224, 216, 188, 201, 194,0x564d13fa6040, 208, 220, 214, 186, 200, 193,0x564d13fa6040, 182, 195, 188, 182, 195, 187,0x564d13fa6040, 186, 217, 193, 184, 197, 190,0x564d13fa6040, 196, 209, 201, 188, 201, 195,0x564d13fa6040, 200, 213, 207, 190, 201, 196,0x564d13fa6040, 228, 240, 234, 200, 211, 205,0x564d13fa6040, 222, 236, 230, 196, 208, 202,
0x564d13fa6080, 214, 230, 222, 201, 215, 207,0x564d13fa6080, 202, 217, 209, 198, 209, 203,0x564d13fa6080, 200, 213, 206, 196, 207, 201,0x564d13fa6080, 190, 201, 195, 190, 202, 196,0x564d13fa6080, 190, 201, 194, 187, 201, 193,0x564d13fa6080, 212, 228, 220, 192, 204, 198,0x564d13fa6080, 220, 233, 224, 194, 207, 200,0x564d13fa6080, 210, 223, 217, 200, 211, 204,0x564d13fa6080, 200, 211, 206, 195, 207, 200,0x564d13fa6080, 196, 209, 202, 194, 217, 198,0x564d13fa6080, 186, 199, 192, 190, 201, 195,0x564d13fa6080, 186, 197, 190, 184, 197, 190,0x564d13fa6080, 210, 224, 217, 190, 202, 196,0x564d13fa6080, 216, 227, 220, 192, 201, 196,0x564d13fa6080, 216, 232, 224, 204, 217, 210,0x564d13fa6080, 212, 222, 217, 202, 214, 206,
0x564d13fa60c0, 226, 240, 232, 196, 209, 202,0x564d13fa60c0, 216, 226, 220, 196, 207, 200,0x564d13fa60c0, 212, 224, 217, 190, 201, 196,0x564d13fa60c0, 188, 199, 193, 184, 195, 190,0x564d13fa60c0, 192, 205, 198, 188, 199, 192,0x564d13fa60c0, 200, 211, 206, 192, 205, 197,0x564d13fa60c0, 204, 217, 210, 194, 207, 200,0x564d13fa60c0, 222, 234, 228, 194, 208, 202,0x564d13fa60c0, 214, 227, 220, 190, 202, 197,0x564d13fa60c0, 208, 221, 214, 188, 200, 193,0x564d13fa60c0, 185, 198, 191, 182, 195, 187,0x564d13fa60c0, 188, 199, 194, 186, 196, 191,0x564d13fa60c0, 198, 211, 203, 188, 201, 195,0x564d13fa60c0, 202, 214, 207, 190, 205, 197,0x564d13fa60c0, 230, 241, 234, 200, 211, 206,0x564d13fa60c0, 224, 236, 230, 200, 211, 204,
0x564d13fa6100, 212, 227, 218, 200, 213, 206,0x564d13fa6100, 200, 216, 209, 196, 210, 203,0x564d13fa6100, 198, 208, 202, 192, 205, 199,0x564d13fa6100, 190, 201, 195, 190, 201, 196,0x564d13fa6100, 184, 199, 191, 188, 201, 194,0x564d13fa6100, 212, 228, 220, 190, 201, 197,0x564d13fa6100, 218, 231, 224, 192, 207, 200,0x564d13fa6100, 210, 222, 216, 198, 209, 204,0x564d13fa6100, 198, 211, 205, 194, 206, 200,0x564d13fa6100, 194, 209, 202, 190, 205, 196,0x564d13fa6100, 186, 198, 192, 186, 198, 192,0x564d13fa6100, 184, 195, 188, 184, 197, 190,0x564d13fa6100, 210, 224, 216, 188, 204, 194,0x564d13fa6100, 214, 226, 220, 192, 202, 197,0x564d13fa6100, 214, 227, 221, 204, 215, 209,0x564d13fa6100, 212, 224, 217, 202, 214, 208,
0x564d13fa6140, 226, 239, 232, 196, 209, 202,0x564d13fa6140, 214, 226, 220, 192, 203, 197,0x564d13fa6140, 212, 224, 218, 192, 202, 196,0x564d13fa6140, 186, 199, 192, 186, 197, 191,0x564d13fa6140, 190, 203, 197, 188, 199, 192,0x564d13fa6140, 198, 210, 204, 192, 203, 197,0x564d13fa6140, 204, 221, 210, 193, 206, 198,0x564d13fa6140, 220, 232, 224, 194, 207, 200,0x564d13fa6140, 212, 226, 216, 188, 201, 195,0x564d13fa6140, 208, 222, 214, 188, 199, 193,0x564d13fa6140, 182, 193, 188, 182, 195, 187,0x564d13fa6140, 186, 197, 191, 184, 197, 190,0x564d13fa6140, 196, 212, 202, 188, 203, 194,0x564d13fa6140, 200, 213, 206, 190, 201, 196,0x564d13fa6140, 230, 242, 234, 200, 212, 206,0x564d13fa6140, 224, 234, 228, 196, 209, 202,
0x564d13fa6180, 214, 236, 220, 202, 214, 207,0x564d13fa6180, 201, 215, 209, 196, 211, 203,0x564d13fa6180, 198, 213, 206, 196, 208, 202,0x564d13fa6180, 190, 203, 197, 190, 202, 197,0x564d13fa6180, 186, 197, 192, 186, 199, 193,0x564d13fa6180, 212, 226, 219, 192, 205, 199,0x564d13fa6180, 218, 233, 226, 194, 207, 200,0x564d13fa6180, 208, 238, 216, 198, 232, 204,0x564d13fa6180, 200, 212, 206, 196, 207, 200,0x564d13fa6180, 196, 210, 201, 194, 205, 199,0x564d13fa6180, 186, 201, 193, 189, 203, 194,0x564d13fa6180, 184, 197, 191, 184, 195, 190,0x564d13fa6180, 210, 223, 216, 190, 201, 194,0x564d13fa6180, 216, 229, 220, 190, 201, 196,0x564d13fa6180, 218, 230, 224, 204, 217, 210,0x564d13fa6180, 212, 226, 218, 202, 215, 208,
0x564d13fa61c0, 226, 239, 232, 196, 209, 202,0x564d13fa61c0, 216, 228, 222, 194, 207, 199,0x564d13fa61c0, 210, 225, 216, 190, 203, 196,0x564d13fa61c0, 188, 199, 192, 186, 197, 191,0x564d13fa61c0, 192, 203, 197, 188, 201, 192,0x564d13fa61c0, 202, 211, 206, 192, 204, 197,0x564d13fa61c0, 204, 216, 210, 194, 208, 200,0x564d13fa61c0, 222, 236, 229, 195, 208, 201,0x564d13fa61c0, 214, 227, 220, 190, 201, 196,0x564d13fa61c0, 210, 222, 214, 189, 201, 196,0x564d13fa61c0, 184, 197, 190, 182, 195, 187,0x564d13fa61c0, 188, 201, 195, 184, 194, 189,0x564d13fa61c0, 198, 211, 204, 188, 201, 194,0x564d13fa61c0, 200, 214, 206, 190, 202, 197,0x564d13fa61c0, 230, 241, 234, 200, 212, 205,0x564d13fa61c0, 224, 236, 230, 198, 211, 204,
0x564d13fa6200, 228, 241, 234, 214, 226, 220,0x564d13fa6200, 216, 233, 222, 208, 223, 216,0x564d13fa6200, 214, 224, 218, 208, 221, 214,0x564d13fa6200, 204, 216, 210, 204, 217, 209,0x564d13fa6200, 198, 211, 204, 200, 214, 206,0x564d13fa6200, 188, 201, 195, 196, 209, 202,0x564d13fa6200, 183, 197, 190, 194, 205, 199,0x564d13fa6200, 222, 232, 226, 212, 222, 216,0x564d13fa6200, 214, 226, 220, 206, 219, 212,0x564d13fa6200, 210, 224, 216, 206, 219, 210,0x564d13fa6200, 202, 213, 207, 200, 213, 206,0x564d13fa6200, 196, 209, 202, 198, 209, 203,0x564d13fa6200, 188, 200, 193, 194, 206, 200,0x564d13fa6200, 181, 193, 187, 190, 201, 196,0x564d13fa6200, 230, 244, 238, 217, 229, 223,0x564d13fa6200, 224, 238, 230, 212, 225, 219,
0x564d13fa6240, 222, 234, 228, 209, 222, 216,0x564d13fa6240, 212, 226, 218, 206, 219, 212,0x564d13fa6240, 206, 219, 212, 204, 215, 208,0x564d13fa6240, 196, 209, 202, 198, 210, 204,0x564d13fa6240, 194, 207, 200, 198, 209, 203,0x564d13fa6240, 186, 199, 191, 192, 203, 197,0x564d13fa6240, 212, 225, 218, 194, 205, 199,0x564d13fa6240, 216, 232, 224, 206, 223, 214,0x564d13fa6240, 208, 222, 214, 204, 215, 208,0x564d13fa6240, 204, 217, 210, 200, 214, 206,0x564d13fa6240, 192, 207, 199, 194, 207, 201,0x564d13fa6240, 190, 205, 196, 194, 205, 199,0x564d13fa6240, 182, 194, 188, 188, 201, 194,0x564d13fa6240, 209, 223, 216, 190, 202, 196,0x564d13fa6240, 224, 238, 230, 212, 224, 218,0x564d13fa6240, 220, 232, 226, 210, 223, 216,
0x564d13fa6280, 228, 240, 234, 214, 236, 220,0x564d13fa6280, 220, 230, 224, 212, 225, 218,0x564d13fa6280, 212, 226, 218, 208, 221, 214,0x564d13fa6280, 204, 217, 210, 204, 217, 209,0x564d13fa6280, 200, 214, 207, 202, 215, 208,0x564d13fa6280, 190, 203, 196, 198, 211, 204,0x564d13fa6280, 186, 199, 193, 192, 205, 199,0x564d13fa6280, 224, 238, 231, 214, 226, 218,0x564d13fa6280, 216, 228, 222, 208, 220, 214,0x564d13fa6280, 210, 223, 216, 206, 219, 211,0x564d13fa6280, 202, 215, 207, 200, 212, 206,0x564d13fa6280, 198, 210, 204, 200, 211, 204,0x564d13fa6280, 190, 199, 194, 196, 209, 202,0x564d13fa6280, 184, 197, 189, 192, 202, 196,0x564d13fa6280, 230, 244, 238, 216, 230, 223,0x564d13fa6280, 228, 240, 234, 216, 228, 222,
0x564d13fa62c0, 222, 238, 229, 212, 223, 218,0x564d13fa62c0, 212, 225, 218, 206, 220, 212,0x564d13fa62c0, 208, 221, 214, 204, 216, 210,0x564d13fa62c0, 198, 210, 205, 200, 215, 206,0x564d13fa62c0, 192, 203, 197, 198, 210, 202,0x564d13fa62c0, 188, 198, 192, 192, 203, 197,0x564d13fa62c0, 216, 226, 221, 194, 205, 199,0x564d13fa62c0, 216, 232, 224, 208, 221, 214,0x564d13fa62c0, 210, 223, 216, 202, 215, 208,0x564d13fa62c0, 204, 222, 210, 203, 215, 208,0x564d13fa62c0, 196, 209, 203, 196, 209, 203,0x564d13fa62c0, 190, 205, 198, 194, 205, 200,0x564d13fa62c0, 184, 195, 189, 188, 201, 194,0x564d13fa62c0, 210, 225, 218, 190, 202, 197,0x564d13fa62c0, 226, 240, 232, 214, 226, 220,0x564d13fa62c0, 220, 232, 226, 210, 225, 216,
0x564d13fa6300, 228, 238, 232, 214, 226, 220,0x564d13fa6300, 216, 229, 222, 210, 220, 214,0x564d13fa6300, 212, 225, 218, 208, 222, 214,0x564d13fa6300, 204, 215, 209, 204, 217, 209,0x564d13fa6300, 200, 212, 206, 202, 213, 206,0x564d13fa6300, 192, 202, 196, 196, 207, 202,0x564d13fa6300, 184, 197, 190, 194, 205, 199,0x564d13fa6300, 222, 235, 228, 212, 224, 217,0x564d13fa6300, 214, 225, 220, 206, 219, 212,0x564d13fa6300, 210, 223, 216, 206, 219, 210,0x564d13fa6300, 202, 213, 207, 200, 213, 206,0x564d13fa6300, 196, 208, 202, 198, 211, 203,0x564d13fa6300, 186, 197, 191, 194, 206, 199,0x564d13fa6300, 181, 193, 187, 190, 203, 196,0x564d13fa6300, 230, 244, 238, 218, 230, 224,0x564d13fa6300, 225, 238, 232, 214, 248, 221,
0x564d13fa6340, 221, 234, 228, 208, 221, 214,0x564d13fa6340, 212, 224, 217, 206, 219, 212,0x564d13fa6340, 208, 222, 212, 202, 214, 208,0x564d13fa6340, 198, 210, 203, 198, 211, 204,0x564d13fa6340, 194, 208, 201, 198, 209, 203,0x564d13fa6340, 186, 197, 190, 192, 203, 197,0x564d13fa6340, 212, 225, 218, 194, 206, 199,0x564d13fa6340, 218, 231, 224, 208, 219, 213,0x564d13fa6340, 208, 221, 214, 204, 217, 210,0x564d13fa6340, 202, 220, 209, 201, 213, 206,0x564d13fa6340, 196, 207, 201, 196, 207, 201,0x564d13fa6340, 190, 214, 198, 194, 207, 200,0x564d13fa6340, 182, 193, 187, 188, 201, 195,0x564d13fa6340, 208, 222, 215, 192, 201, 197,0x564d13fa6340, 224, 234, 229, 212, 222, 218,0x564d13fa6340, 220, 242, 226, 210, 222, 216,
0x564d13fa6380, 228, 240, 234, 214, 226, 220,0x564d13fa6380, 218, 230, 224, 211, 225, 217,0x564d13fa6380, 214, 226, 220, 208, 221, 215,0x564d13fa6380, 204, 215, 210, 204, 217, 209,0x564d13fa6380, 202, 214, 208, 202, 215, 208,0x564d13fa6380, 192, 202, 197, 198, 209, 204,0x564d13fa6380, 186, 199, 192, 192, 207, 199,0x564d13fa6380, 224, 236, 230, 212, 223, 218,0x564d13fa6380, 216, 227, 220, 208, 221, 214,0x564d13fa6380, 210, 222, 215, 206, 217, 210,0x564d13fa6380, 202, 214, 208, 202, 214, 208,0x564d13fa6380, 198, 209, 204, 200, 213, 206,0x564d13fa6380, 190, 201, 194, 196, 207, 200,0x564d13fa6380, 182, 222, 194, 192, 236, 208,0x564d13fa6380, 230, 244, 238, 216, 228, 223,0x564d13fa6380, 226, 240, 232, 216, 228, 222,
0x564d13fa63c0, 224, 238, 230, 210, 226, 216,0x564d13fa63c0, 212, 227, 218, 206, 219, 212,0x564d13fa63c0, 208, 222, 214, 206, 217, 210,0x564d13fa63c0, 198, 210, 205, 200, 213, 206,0x564d13fa63c0, 194, 222, 201, 198, 210, 203,0x564d13fa63c0, 188, 201, 193, 192, 203, 197,0x564d13fa63c0, 214, 229, 222, 194, 207, 199,0x564d13fa63c0, 216, 230, 224, 206, 220, 213,0x564d13fa63c0, 209, 221, 215, 204, 215, 208,0x564d13fa63c0, 204, 219, 212, 202, 214, 207,0x564d13fa63c0, 196, 209, 203, 196, 209, 203,0x564d13fa63c0, 190, 212, 197, 194, 209, 200,0x564d13fa63c0, 184, 196, 189, 188, 200, 195,0x564d13fa63c0, 210, 248, 222, 190, 227, 199,0x564d13fa63c0, 226, 240, 232, 214, 228, 220,0x564d13fa63c0, 222, 234, 228, 212, 224, 216,
0x564d13fa6400, 181, 195, 186, 169, 182, 174,0x564d13fa6400, 198, 211, 204, 179, 191, 184,0x564d13fa6400, 204, 216, 210, 180, 191, 185,0x564d13fa6400, 212, 225, 218, 184, 197, 190,0x564d13fa6400, 218, 229, 224, 186, 199, 193,0x564d13fa6400, 226, 238, 230, 190, 203, 197,0x564d13fa6400, 232, 244, 237, 192, 205, 199,0x564d13fa6400, 188, 199, 193, 171, 183, 176,0x564d13fa6400, 196, 207, 201, 176, 189, 181,0x564d13fa6400, 202, 213, 207, 176, 189, 182,0x564d13fa6400, 210, 222, 216, 180, 193, 186,0x564d13fa6400, 214, 228, 218, 184, 195, 189,0x564d13fa6400, 222, 233, 226, 188, 199, 194,0x564d13fa6400, 228, 242, 234, 190, 201, 195,0x564d13fa6400, 184, 197, 190, 170, 183, 177,0x564d13fa6400, 190, 201, 196, 173, 185, 179,
0x564d13fa6440, 214, 228, 220, 172, 188, 179,0x564d13fa6440, 194, 206, 200, 178, 191, 183,0x564d13fa6440, 198, 210, 204, 180, 193, 186,0x564d13fa6440, 206, 216, 210, 186, 197, 191,0x564d13fa6440, 212, 228, 218, 186, 197, 192,0x564d13fa6440, 220, 236, 226, 190, 206, 196,0x564d13fa6440, 224, 238, 230, 194, 206, 199,0x564d13fa6440, 182, 193, 187, 170, 205, 177,0x564d13fa6440, 190, 206, 197, 174, 189, 180,0x564d13fa6440, 194, 209, 200, 178, 193, 183,0x564d13fa6440, 202, 216, 210, 182, 195, 187,0x564d13fa6440, 210, 223, 214, 182, 195, 189,0x564d13fa6440, 218, 232, 224, 186, 200, 193,0x564d13fa6440, 220, 236, 226, 190, 201, 196,0x564d13fa6440, 216, 229, 222, 176, 189, 183,0x564d13fa6440, 186, 195, 190, 174, 187, 180,
0x564d13fa6480, 183, 199, 191, 170, 183, 176,0x564d13fa6480, 200, 212, 206, 178, 191, 184,0x564d13fa6480, 204, 215, 210, 182, 193, 187,0x564d13fa6480, 214, 226, 219, 186, 199, 191,0x564d13fa6480, 218, 231, 224, 186, 199, 193,0x564d13fa6480, 228, 240, 234, 190, 202, 197,0x564d13fa6480, 232, 243, 236, 194, 207, 201,0x564d13fa6480, 190, 217, 195, 172, 183, 178,0x564d13fa6480, 198, 211, 204, 176, 187, 181,0x564d13fa6480, 200, 246, 208, 178, 189, 184,0x564d13fa6480, 210, 222, 216, 184, 195, 188,0x564d13fa6480, 216, 228, 222, 186, 195, 190,0x564d13fa6480, 226, 236, 230, 188, 201, 194,0x564d13fa6480, 230, 240, 235, 192, 203, 198,0x564d13fa6480, 186, 199, 193, 173, 185, 179,0x564d13fa6480, 192, 206, 198, 172, 185, 179,
0x564d13fa64c0, 218, 230, 224, 174, 189, 181,0x564d13fa64c0, 192, 205, 199, 180, 191, 185,0x564d13fa64c0, 200, 213, 206, 180, 191, 184,0x564d13fa64c0, 208, 218, 212, 186, 194, 190,0x564d13fa64c0, 212, 226, 218, 188, 201, 194,0x564d13fa64c0, 220, 232, 226, 192, 203, 198,0x564d13fa64c0, 226, 242, 232, 194, 209, 200,0x564d13fa64c0, 184, 197, 189, 172, 185, 179,0x564d13fa64c0, 192, 203, 197, 176, 187, 181,0x564d13fa64c0, 196, 209, 202, 176, 189, 183,0x564d13fa64c0, 206, 218, 210, 182, 195, 187,0x564d13fa64c0, 208, 223, 215, 184, 197, 191,0x564d13fa64c0, 218, 230, 222, 189, 201, 195,0x564d13fa64c0, 222, 234, 228, 190, 202, 197,0x564d13fa64c0, 220, 232, 226, 179, 191, 184,0x564d13fa64c0, 188, 199, 193, 176, 187, 181,
0x564d13fa6500, 180, 193, 186, 168, 180, 175,0x564d13fa6500, 200, 211, 204, 178, 191, 184,0x564d13fa6500, 204, 216, 210, 180, 191, 185,0x564d13fa6500, 214, 225, 218, 184, 194, 189,0x564d13fa6500, 218, 230, 224, 186, 199, 193,0x564d13fa6500, 226, 238, 230, 190, 202, 197,0x564d13fa6500, 230, 244, 236, 192, 205, 198,0x564d13fa6500, 186, 199, 193, 171, 183, 176,0x564d13fa6500, 196, 209, 202, 176, 187, 181,0x564d13fa6500, 202, 214, 208, 177, 187, 181,0x564d13fa6500, 210, 222, 215, 180, 193, 185,0x564d13fa6500, 214, 226, 219, 186, 199, 190,0x564d13fa6500, 222, 234, 228, 188, 201, 194,0x564d13fa6500, 230, 242, 236, 190, 201, 196,0x564d13fa6500, 182, 197, 190, 170, 183, 177,0x564d13fa6500, 190, 205, 196, 174, 187, 179,
0x564d13fa6540, 214, 232, 220, 172, 185, 178,0x564d13fa6540, 192, 205, 198, 178, 191, 183,0x564d13fa6540, 198, 210, 204, 180, 193, 185,0x564d13fa6540, 206, 219, 212, 186, 197, 191,0x564d13fa6540, 212, 224, 216, 188, 199, 192,0x564d13fa6540, 222, 232, 226, 190, 201, 196,0x564d13fa6540, 224, 238, 230, 194, 205, 199,0x564d13fa6540, 182, 195, 188, 170, 183, 177,0x564d13fa6540, 192, 204, 198, 174, 187, 180,0x564d13fa6540, 194, 207, 200, 177, 191, 183,0x564d13fa6540, 202, 217, 210, 182, 195, 187,0x564d13fa6540, 208, 221, 212, 184, 197, 190,0x564d13fa6540, 216, 232, 226, 186, 201, 193,0x564d13fa6540, 220, 232, 226, 190, 202, 196,0x564d13fa6540, 218, 230, 223, 176, 187, 181,0x564d13fa6540, 186, 199, 190, 174, 185, 179,
0x564d13fa6580, 183, 197, 190, 171, 183, 176,0x564d13fa6580, 200, 213, 206, 178, 191, 184,0x564d13fa6580, 204, 218, 210, 182, 193, 187,0x564d13fa6580, 212, 226, 219, 186, 199, 191,0x564d13fa6580, 218, 231, 224, 188, 201, 194,0x564d13fa6580, 226, 240, 232, 190, 203, 196,0x564d13fa6580, 230, 244, 236, 194, 207, 200,0x564d13fa6580, 190, 201, 195, 171, 181, 176,0x564d13fa6580, 198, 211, 204, 176, 187, 181,0x564d13fa6580, 202, 214, 208, 180, 190, 184,0x564d13fa6580, 210, 221, 215, 184, 195, 188,0x564d13fa6580, 216, 230, 222, 184, 196, 190,0x564d13fa6580, 226, 238, 230, 188, 201, 194,0x564d13fa6580, 228, 240, 234, 192, 203, 197,0x564d13fa6580, 186, 199, 192, 175, 187, 181,0x564d13fa6580, 192, 205, 198, 173, 187, 179,
0x564d13fa65c0, 216, 229, 222, 174, 187, 181,0x564d13fa65c0, 194, 206, 200, 180, 191, 185,0x564d13fa65c0, 198, 211, 205, 180, 193, 186,0x564d13fa65c0, 208, 219, 212, 186, 197, 191,0x564d13fa65c0, 212, 226, 218, 188, 201, 194,0x564d13fa65c0, 220, 232, 226, 194, 205, 199,0x564d13fa65c0, 226, 240, 232, 194, 207, 199,0x564d13fa65c0, 184, 196, 189, 174, 185, 179,0x564d13fa65c0, 190, 203, 197, 176, 187, 182,0x564d13fa65c0, 196, 209, 202, 177, 189, 183,0x564d13fa65c0, 204, 221, 210, 182, 195, 187,0x564d13fa65c0, 208, 221, 215, 185, 199, 191,0x564d13fa65c0, 218, 231, 224, 190, 201, 196,0x564d13fa65c0, 222, 234, 228, 190, 201, 196,0x564d13fa65c0, 220, 231, 224, 179, 191, 184,0x564d13fa65c0, 188, 199, 193, 178, 189, 182,
0x564d13fa6600, 218, 232, 224, 182, 195, 187,0x564d13fa6600, 184, 197, 190, 178, 191, 184,0x564d13fa6600, 190, 202, 196, 180, 189, 184,0x564d13fa6600, 198, 209, 204, 186, 197, 190,0x564d13fa6600, 204, 215, 209, 186, 199, 192,0x564d13fa6600, 212, 224, 218, 190, 201, 196,0x564d13fa6600, 214, 230, 222, 192, 207, 199,0x564d13fa6600, 215, 228, 222, 180, 193, 186,0x564d13fa6600, 184, 194, 188, 176, 187, 181,0x564d13fa6600, 188, 199, 194, 178, 191, 183,0x564d13fa6600, 194, 208, 200, 182, 195, 187,0x564d13fa6600, 198, 212, 206, 184, 197, 188,0x564d13fa6600, 208, 222, 214, 188, 199, 192,0x564d13fa6600, 212, 226, 219, 190, 201, 196,0x564d13fa6600, 222, 232, 226, 186, 195, 191,0x564d13fa6600, 216, 230, 224, 184, 195, 189,
0x564d13fa6640, 220, 234, 226, 186, 199, 193,0x564d13fa6640, 210, 222, 215, 182, 195, 188,0x564d13fa6640, 184, 196, 191, 180, 189, 184,0x564d13fa6640, 196, 208, 200, 184, 195, 189,0x564d13fa6640, 198, 211, 204, 188, 199, 192,0x564d13fa6640, 208, 220, 212, 192, 202, 197,0x564d13fa6640, 212, 224, 218, 192, 203, 198,0x564d13fa6640, 216, 230, 222, 184, 195, 190,0x564d13fa6640, 208, 226, 214, 180, 193, 185,0x564d13fa6640, 180, 191, 186, 176, 189, 183,0x564d13fa6640, 192, 203, 197, 180, 197, 186,0x564d13fa6640, 196, 209, 202, 184, 197, 190,0x564d13fa6640, 204, 219, 211, 188, 201, 194,0x564d13fa6640, 212, 223, 216, 188, 201, 195,0x564d13fa6640, 224, 235, 228, 192, 203, 197,0x564d13fa6640, 220, 232, 224, 188, 201, 192,
0x564d13fa6680, 220, 238, 227, 184, 197, 189,0x564d13fa6680, 188, 201, 194, 180, 195, 185,0x564d13fa6680, 190, 203, 196, 180, 193, 186,0x564d13fa6680, 200, 212, 206, 184, 196, 191,0x564d13fa6680, 202, 212, 208, 188, 201, 195,0x564d13fa6680, 212, 226, 218, 192, 205, 198,0x564d13fa6680, 216, 228, 222, 192, 205, 199,0x564d13fa6680, 216, 231, 222, 180, 194, 186,0x564d13fa6680, 184, 195, 189, 178, 189, 183,0x564d13fa6680, 188, 201, 194, 178, 189, 183,0x564d13fa6680, 196, 213, 203, 182, 199, 187,0x564d13fa6680, 198, 212, 206, 186, 197, 190,0x564d13fa6680, 210, 223, 216, 190, 201, 195,0x564d13fa6680, 216, 227, 221, 191, 202, 196,0x564d13fa6680, 222, 236, 230, 186, 199, 193,0x564d13fa6680, 218, 232, 225, 184, 197, 189,
0x564d13fa66c0, 222, 234, 227, 186, 199, 193,0x564d13fa66c0, 212, 224, 218, 186, 199, 191,0x564d13fa66c0, 188, 199, 193, 182, 195, 188,0x564d13fa66c0, 196, 206, 201, 186, 197, 192,0x564d13fa66c0, 200, 212, 206, 188, 199, 193,0x564d13fa66c0, 210, 222, 214, 192, 203, 198,0x564d13fa66c0, 212, 224, 218, 194, 207, 200,0x564d13fa66c0, 218, 232, 224, 186, 199, 192,0x564d13fa66c0, 210, 222, 214, 182, 195, 187,0x564d13fa66c0, 186, 197, 191, 180, 193, 186,0x564d13fa66c0, 194, 209, 198, 182, 197, 189,0x564d13fa66c0, 198, 211, 204, 184, 197, 190,0x564d13fa66c0, 206, 218, 212, 188, 201, 194,0x564d13fa66c0, 212, 224, 217, 190, 202, 197,0x564d13fa66c0, 224, 236, 228, 191, 201, 196,0x564d13fa66c0, 222, 232, 226, 190, 201, 196,
0x564d13fa6700, 218, 233, 226, 182, 193, 187,0x564d13fa6700, 186, 195, 190, 179, 191, 184,0x564d13fa6700, 188, 201, 195, 180, 193, 186,0x564d13fa6700, 198, 210, 204, 186, 199, 192,0x564d13fa6700, 202, 219, 209, 186, 200, 192,0x564d13fa6700, 212, 224, 218, 190, 202, 196,0x564d13fa6700, 214, 230, 222, 192, 207, 199,0x564d13fa6700, 216, 228, 221, 180, 193, 186,0x564d13fa6700, 182, 193, 187, 176, 189, 182,0x564d13fa6700, 184, 209, 193, 178, 191, 183,0x564d13fa6700, 194, 206, 200, 182, 195, 187,0x564d13fa6700, 200, 213, 206, 184, 195, 188,0x564d13fa6700, 210, 221, 215, 188, 201, 192,0x564d13fa6700, 212, 224, 218, 190, 201, 196,0x564d13fa6700, 220, 232, 226, 186, 197, 191,0x564d13fa6700, 218, 231, 224, 184, 197, 189,
0x564d13fa6740, 220, 234, 226, 188, 201, 194,0x564d13fa6740, 210, 220, 214, 183, 195, 188,0x564d13fa6740, 184, 201, 191, 180, 193, 186,0x564d13fa6740, 196, 207, 201, 184, 195, 189,0x564d13fa6740, 198, 214, 204, 188, 200, 193,0x564d13fa6740, 208, 220, 214, 192, 203, 197,0x564d13fa6740, 214, 226, 218, 192, 205, 198,0x564d13fa6740, 216, 230, 222, 184, 197, 190,0x564d13fa6740, 208, 219, 214, 180, 194, 186,0x564d13fa6740, 180, 193, 186, 180, 189, 184,0x564d13fa6740, 192, 209, 198, 180, 193, 186,0x564d13fa6740, 196, 210, 202, 184, 197, 190,0x564d13fa6740, 204, 217, 211, 188, 201, 194,0x564d13fa6740, 210, 222, 215, 188, 201, 195,0x564d13fa6740, 224, 236, 230, 190, 201, 195,0x564d13fa6740, 218, 232, 224, 188, 199, 193,
0x564d13fa6780, 220, 234, 227, 184, 197, 190,0x564d13fa6780, 188, 199, 194, 180, 191, 185,0x564d13fa6780, 190, 200, 195, 180, 191, 184,0x564d13fa6780, 200, 213, 206, 184, 197, 191,0x564d13fa6780, 206, 216, 210, 188, 203, 194,0x564d13fa6780, 212, 224, 218, 192, 203, 198,0x564d13fa6780, 218, 231, 224, 192, 207, 199,0x564d13fa6780, 214, 226, 220, 180, 191, 186,0x564d13fa6780, 184, 196, 189, 178, 189, 183,0x564d13fa6780, 190, 200, 195, 179, 191, 185,0x564d13fa6780, 196, 209, 203, 182, 193, 187,0x564d13fa6780, 200, 213, 206, 184, 199, 191,0x564d13fa6780, 210, 221, 214, 190, 201, 196,0x564d13fa6780, 214, 228, 221, 190, 203, 196,0x564d13fa6780, 222, 238, 230, 186, 199, 193,0x564d13fa6780, 220, 231, 226, 184, 197, 190,
0x564d13fa67c0, 222, 235, 228, 186, 201, 193,0x564d13fa67c0, 212, 224, 218, 186, 199, 191,0x564d13fa67c0, 186, 199, 193, 182, 197, 188,0x564d13fa67c0, 196, 205, 200, 186, 201, 192,0x564d13fa67c0, 202, 213, 206, 188, 201, 193,0x564d13fa67c0, 210, 222, 216, 192, 203, 198,0x564d13fa67c0, 214, 227, 219, 194, 207, 200,0x564d13fa67c0, 218, 230, 224, 186, 199, 192,0x564d13fa67c0, 210, 219, 214, 182, 195, 187,0x564d13fa67c0, 185, 195, 191, 178, 192, 184,0x564d13fa67c0, 192, 204, 198, 182, 197, 189,0x564d13fa67c0, 198, 209, 202, 184, 196, 191,0x564d13fa67c0, 206, 223, 212, 188, 201, 194,0x564d13fa67c0, 210, 248, 223, 190, 232, 199,0x564d13fa67c0, 225, 236, 230, 190, 201, 196,0x564d13fa67c0, 222, 233, 226, 190, 204, 195,
0x564d13fa6800, 216, 229, 222, 176, 187, 181,0x564d13fa6800, 193, 207, 199, 180, 191, 185,0x564d13fa6800, 200, 211, 206, 182, 193, 187,0x564d13fa6800, 206, 221, 212, 186, 195, 190,0x564d13fa6800, 210, 226, 218, 188, 201, 193,0x564d13fa6800, 222, 234, 228, 192, 205, 198,0x564d13fa6800, 224, 238, 231, 192, 206, 199,0x564d13fa6800, 186, 197, 190, 174, 185, 179,0x564d13fa6800, 192, 209, 198, 176, 189, 183,0x564d13fa6800, 196, 211, 203, 178, 191, 183,0x564d13fa6800, 204, 219, 211, 182, 193, 187,0x564d13fa6800, 210, 221, 214, 186, 197, 190,0x564d13fa6800, 218, 230, 224, 190, 201, 196,0x564d13fa6800, 222, 236, 229, 190, 202, 196,0x564d13fa6800, 220, 232, 226, 179, 189, 184,0x564d13fa6800, 188, 201, 193, 176, 187, 181,
0x564d13fa6840, 184, 197, 190, 170, 183, 176,0x564d13fa6840, 202, 213, 206, 178, 193, 184,0x564d13fa6840, 204, 217, 210, 182, 196, 186,0x564d13fa6840, 214, 226, 218, 186, 197, 191,0x564d13fa6840, 218, 230, 224, 188, 199, 192,0x564d13fa6840, 228, 240, 233, 192, 205, 197,0x564d13fa6840, 230, 242, 236, 194, 207, 200,0x564d13fa6840, 188, 201, 195, 170, 183, 177,0x564d13fa6840, 198, 209, 202, 175, 187, 181,0x564d13fa6840, 200, 215, 207, 178, 191, 184,0x564d13fa6840, 210, 222, 216, 182, 196, 188,0x564d13fa6840, 216, 229, 222, 186, 197, 192,0x564d13fa6840, 224, 238, 230, 188, 201, 195,0x564d13fa6840, 230, 238, 234, 192, 205, 198,0x564d13fa6840, 186, 199, 192, 174, 187, 180,0x564d13fa6840, 194, 203, 198, 175, 187, 180,
0x564d13fa6880, 214, 224, 218, 174, 185, 179,0x564d13fa6880, 194, 207, 199, 177, 191, 183,0x564d13fa6880, 198, 212, 204, 182, 196, 188,0x564d13fa6880, 204, 218, 212, 186, 197, 191,0x564d13fa6880, 212, 226, 218, 186, 199, 191,0x564d13fa6880, 222, 233, 228, 190, 201, 196,0x564d13fa6880, 224, 236, 230, 192, 205, 199,0x564d13fa6880, 182, 193, 187, 170, 183, 176,0x564d13fa6880, 192, 205, 197, 174, 185, 179,0x564d13fa6880, 194, 209, 200, 178, 189, 183,0x564d13fa6880, 204, 217, 210, 182, 193, 187,0x564d13fa6880, 210, 223, 214, 184, 195, 189,0x564d13fa6880, 216, 229, 223, 188, 199, 192,0x564d13fa6880, 220, 232, 226, 190, 201, 196,0x564d13fa6880, 218, 230, 223, 176, 187, 182,0x564d13fa6880, 186, 197, 191, 172, 185, 179,
0x564d13fa68c0, 180, 191, 186, 168, 181, 175,0x564d13fa68c0, 198, 211, 204, 178, 191, 184,0x564d13fa68c0, 204, 219, 210, 180, 189, 184,0x564d13fa68c0, 212, 222, 218, 184, 198, 190,0x564d13fa68c0, 218, 228, 222, 188, 200, 192,0x564d13fa68c0, 226, 238, 230, 192, 202, 197,0x564d13fa68c0, 230, 245, 236, 193, 205, 198,0x564d13fa68c0, 188, 200, 193, 170, 183, 177,0x564d13fa68c0, 196, 209, 202, 174, 187, 181,0x564d13fa68c0, 200, 214, 207, 176, 189, 182,0x564d13fa68c0, 210, 222, 214, 180, 191, 185,0x564d13fa68c0, 214, 226, 220, 184, 197, 190,0x564d13fa68c0, 222, 234, 228, 188, 201, 194,0x564d13fa68c0, 228, 240, 232, 190, 201, 196,0x564d13fa68c0, 184, 195, 189, 172, 183, 177,0x564d13fa68c0, 190, 201, 194, 174, 185, 179,
0x564d13fa6900, 216, 228, 222, 176, 187, 181,0x564d13fa6900, 193, 207, 200, 180, 191, 185,0x564d13fa6900, 198, 212, 205, 180, 193, 186,0x564d13fa6900, 208, 221, 214, 184, 197, 191,0x564d13fa6900, 210, 225, 218, 188, 201, 194,0x564d13fa6900, 222, 233, 226, 192, 203, 198,0x564d13fa6900, 226, 242, 232, 192, 206, 199,0x564d13fa6900, 184, 195, 189, 174, 187, 180,0x564d13fa6900, 190, 206, 197, 176, 189, 182,0x564d13fa6900, 196, 211, 202, 179, 191, 184,0x564d13fa6900, 206, 217, 210, 182, 195, 188,0x564d13fa6900, 210, 222, 214, 186, 197, 190,0x564d13fa6900, 216, 228, 221, 191, 202, 196,0x564d13fa6900, 223, 236, 230, 190, 201, 196,0x564d13fa6900, 220, 233, 226, 178, 191, 184,0x564d13fa6900, 188, 201, 194, 176, 186, 181,
0x564d13fa6940, 184, 197, 191, 170, 182, 177,0x564d13fa6940, 200, 211, 206, 180, 189, 184,0x564d13fa6940, 204, 216, 210, 182, 193, 186,0x564d13fa6940, 212, 223, 218, 186, 199, 192,0x564d13fa6940, 218, 230, 224, 188, 199, 192,0x564d13fa6940, 228, 240, 234, 192, 203, 197,0x564d13fa6940, 232, 244, 236, 196, 207, 200,0x564d13fa6940, 188, 201, 195, 170, 183, 177,0x564d13fa6940, 198, 209, 202, 175, 187, 181,0x564d13fa6940, 203, 217, 208, 179, 191, 184,0x564d13fa6940, 210, 223, 216, 182, 197, 189,0x564d13fa6940, 214, 227, 220, 184, 195, 189,0x564d13fa6940, 224, 238, 230, 188, 201, 194,0x564d13fa6940, 228, 240, 234, 192, 203, 197,0x564d13fa6940, 186, 197, 192, 173, 185, 179,0x564d13fa6940, 192, 203, 198, 174, 187, 179,
0x564d13fa6980, 214, 228, 220, 174, 185, 179,0x564d13fa6980, 192, 207, 199, 177, 191, 183,0x564d13fa6980, 198, 211, 204, 180, 193, 186,0x564d13fa6980, 206, 221, 212, 184, 199, 191,0x564d13fa6980, 212, 224, 217, 186, 196, 191,0x564d13fa6980, 218, 232, 224, 190, 202, 196,0x564d13fa6980, 224, 238, 230, 192, 205, 199,0x564d13fa6980, 184, 193, 188, 171, 182, 176,0x564d13fa6980, 190, 203, 197, 174, 187, 180,0x564d13fa6980, 194, 206, 199, 178, 189, 183,0x564d13fa6980, 204, 216, 208, 182, 193, 187,0x564d13fa6980, 210, 222, 214, 184, 197, 188,0x564d13fa6980, 218, 230, 224, 188, 201, 194,0x564d13fa6980, 220, 235, 226, 192, 201, 196,0x564d13fa6980, 218, 230, 222, 176, 189, 182,0x564d13fa6980, 186, 197, 191, 173, 187, 180,
0x564d13fa69c0, 180, 193, 186, 168, 181, 175,0x564d13fa69c0, 198, 209, 203, 180, 191, 184,0x564d13fa69c0, 205, 216, 210, 180, 193, 185,0x564d13fa69c0, 212, 229, 218, 184, 199, 190,0x564d13fa69c0, 218, 230, 223, 188, 201, 193,0x564d13fa69c0, 226, 236, 231, 192, 201, 197,0x564d13fa69c0, 230, 242, 236, 192, 205, 198,0x564d13fa69c0, 186, 198, 192, 170, 183, 176,0x564d13fa69c0, 196, 210, 202, 174, 187, 181,0x564d13fa69c0, 200, 213, 206, 176, 189, 182,0x564d13fa69c0, 210, 223, 215, 180, 193, 186,0x564d13fa69c0, 214, 227, 220, 184, 197, 190,0x564d13fa69c0, 222, 235, 227, 188, 201, 194,0x564d13fa69c0, 228, 242, 234, 190, 202, 196,0x564d13fa69c0, 184, 196, 190, 172, 183, 178,0x564d13fa69c0, 190, 201, 195, 176, 187, 181,
0x564d13fa6a00, 222, 234, 228, 188, 201, 194,0x564d13fa6a00, 212, 224, 218, 184, 195, 190,0x564d13fa6a00, 185, 199, 192, 182, 195, 188,0x564d13fa6a00, 194, 209, 201, 186, 199, 191,0x564d13fa6a00, 202, 211, 206, 187, 201, 193,0x564d13fa6a00, 208, 221, 215, 192, 204, 197,0x564d13fa6a00, 212, 229, 218, 194, 207, 200,0x564d13fa6a00, 218, 244, 224, 186, 199, 192,0x564d13fa6a00, 208, 221, 214, 182, 196, 188,0x564d13fa6a00, 182, 194, 189, 180, 193, 186,0x564d13fa6a00, 193, 205, 198, 184, 195, 188,0x564d13fa6a00, 198, 212, 204, 184, 197, 189,0x564d13fa6a00, 208, 220, 213, 190, 201, 195,0x564d13fa6a00, 210, 221, 216, 192, 205, 197,0x564d13fa6a00, 224, 236, 230, 190, 201, 196,0x564d13fa6a00, 220, 232, 226, 188, 201, 194,
0x564d13fa6a40, 222, 234, 228, 184, 197, 190,0x564d13fa6a40, 188, 199, 194, 180, 189, 184,0x564d13fa6a40, 190, 204, 196, 180, 192, 185,0x564d13fa6a40, 200, 212, 206, 186, 195, 190,0x564d13fa6a40, 202, 212, 207, 190, 201, 194,0x564d13fa6a40, 212, 224, 218, 192, 205, 198,0x564d13fa6a40, 218, 229, 224, 194, 205, 199,0x564d13fa6a40, 214, 228, 222, 182, 195, 187,0x564d13fa6a40, 184, 198, 191, 177, 189, 183,0x564d13fa6a40, 187, 201, 192, 177, 189, 183,0x564d13fa6a40, 196, 208, 202, 182, 195, 188,0x564d13fa6a40, 200, 213, 206, 184, 199, 191,0x564d13fa6a40, 208, 222, 214, 190, 201, 196,0x564d13fa6a40, 214, 229, 222, 190, 202, 196,0x564d13fa6a40, 224, 236, 230, 188, 199, 192,0x564d13fa6a40, 218, 230, 224, 184, 194, 189,
0x564d13fa6a80, 220, 248, 226, 188, 201, 193,0x564d13fa6a80, 210, 222, 216, 182, 195, 188,0x564d13fa6a80, 184, 199, 191, 180, 193, 185,0x564d13fa6a80, 194, 208, 201, 184, 193, 189,0x564d13fa6a80, 198, 209, 204, 190, 201, 194,0x564d13fa6a80, 206, 220, 213, 190, 202, 196,0x564d13fa6a80, 212, 225, 219, 192, 205, 198,0x564d13fa6a80, 216, 228, 220, 184, 197, 190,0x564d13fa6a80, 208, 218, 212, 180, 189, 184,0x564d13fa6a80, 180, 195, 188, 178, 189, 183,0x564d13fa6a80, 192, 203, 198, 180, 193, 185,0x564d13fa6a80, 196, 208, 202, 184, 197, 190,0x564d13fa6a80, 206, 218, 210, 189, 201, 194,0x564d13fa6a80, 210, 222, 216, 190, 201, 196,0x564d13fa6a80, 224, 236, 230, 190, 201, 196,0x564d13fa6a80, 218, 230, 224, 186, 199, 193,
0x564d13fa6ac0, 220, 232, 226, 182, 194, 187,0x564d13fa6ac0, 186, 197, 191, 179, 193, 184,0x564d13fa6ac0, 188, 201, 194, 180, 195, 186,0x564d13fa6ac0, 196, 210, 203, 186, 197, 191,0x564d13fa6ac0, 204, 216, 210, 186, 199, 191,0x564d13fa6ac0, 212, 223, 218, 192, 203, 196,0x564d13fa6ac0, 214, 228, 220, 194, 210, 200,0x564d13fa6ac0, 214, 228, 221, 180, 194, 186,0x564d13fa6ac0, 182, 194, 187, 176, 189, 182,0x564d13fa6ac0, 186, 203, 193, 178, 189, 183,0x564d13fa6ac0, 194, 213, 201, 182, 197, 187,0x564d13fa6ac0, 198, 212, 206, 182, 195, 188,0x564d13fa6ac0, 210, 223, 215, 188, 203, 195,0x564d13fa6ac0, 212, 225, 218, 190, 202, 196,0x564d13fa6ac0, 221, 233, 226, 186, 194, 190,0x564d13fa6ac0, 218, 230, 224, 185, 197, 189,
0x564d13fa6b00, 222, 234, 228, 188, 201, 193,0x564d13fa6b00, 210, 222, 217, 184, 197, 191,0x564d13fa6b00, 186, 205, 193, 182, 195, 188,0x564d13fa6b00, 194, 207, 201, 186, 199, 192,0x564d13fa6b00, 202, 213, 208, 186, 200, 193,0x564d13fa6b00, 212, 222, 216, 192, 204, 198,0x564d13fa6b00, 212, 226, 218, 194, 209, 200,0x564d13fa6b00, 218, 230, 224, 186, 199, 192,0x564d13fa6b00, 210, 219, 214, 182, 193, 187,0x564d13fa6b00, 182, 196, 189, 180, 191, 184,0x564d13fa6b00, 192, 205, 198, 184, 195, 188,0x564d13fa6b00, 198, 210, 204, 185, 197, 190,0x564d13fa6b00, 206, 220, 213, 188, 201, 194,0x564d13fa6b00, 210, 222, 215, 192, 205, 198,0x564d13fa6b00, 226, 236, 230, 191, 201, 196,0x564d13fa6b00, 220, 232, 226, 190, 202, 195,
0x564d13fa6b40, 220, 242, 228, 184, 222, 191,0x564d13fa6b40, 188, 197, 192, 180, 193, 184,0x564d13fa6b40, 190, 202, 197, 180, 195, 186,0x564d13fa6b40, 200, 212, 206, 186, 197, 190,0x564d13fa6b40, 204, 214, 208, 190, 201, 195,0x564d13fa6b40, 212, 224, 218, 192, 203, 198,0x564d13fa6b40, 220, 232, 224, 194, 205, 199,0x564d13fa6b40, 214, 230, 221, 180, 193, 186,0x564d13fa6b40, 184, 197, 191, 178, 189, 183,0x564d13fa6b40, 188, 201, 195, 180, 191, 184,0x564d13fa6b40, 196, 209, 202, 183, 195, 188,0x564d13fa6b40, 200, 214, 207, 184, 197, 190,0x564d13fa6b40, 208, 222, 215, 190, 201, 196,0x564d13fa6b40, 214, 233, 220, 190, 203, 196,0x564d13fa6b40, 222, 238, 230, 188, 201, 193,0x564d13fa6b40, 218, 230, 222, 184, 197, 190,
0x564d13fa6b80, 222, 234, 228, 188, 201, 193,0x564d13fa6b80, 210, 222, 216, 183, 196, 188,0x564d13fa6b80, 184, 197, 191, 180, 193, 185,0x564d13fa6b80, 196, 207, 201, 184, 196, 189,0x564d13fa6b80, 198, 210, 204, 186, 199, 193,0x564d13fa6b80, 206, 220, 213, 190, 201, 196,0x564d13fa6b80, 214, 226, 219, 192, 203, 198,0x564d13fa6b80, 216, 227, 221, 184, 195, 190,0x564d13fa6b80, 206, 219, 212, 181, 195, 186,0x564d13fa6b80, 182, 197, 187, 178, 189, 183,0x564d13fa6b80, 194, 204, 198, 180, 193, 185,0x564d13fa6b80, 196, 209, 202, 184, 197, 189,0x564d13fa6b80, 204, 218, 210, 188, 201, 194,0x564d13fa6b80, 210, 222, 216, 190, 201, 195,0x564d13fa6b80, 222, 235, 228, 190, 201, 196,0x564d13fa6b80, 218, 230, 224, 186, 199, 193,
0x564d13fa6bc0, 218, 232, 224, 182, 195, 187,0x564d13fa6bc0, 186, 197, 190, 178, 189, 184,0x564d13fa6bc0, 188, 201, 195, 182, 193, 187,0x564d13fa6bc0, 197, 209, 203, 186, 197, 190,0x564d13fa6bc0, 202, 213, 208, 186, 199, 192,0x564d13fa6bc0, 212, 224, 218, 190, 201, 196,0x564d13fa6bc0, 216, 229, 222, 194, 207, 199,0x564d13fa6bc0, 214, 228, 220, 180, 222, 187,0x564d13fa6bc0, 182, 195, 188, 174, 187, 181,0x564d13fa6bc0, 184, 201, 192, 177, 191, 183,0x564d13fa6bc0, 194, 210, 201, 182, 195, 188,0x564d13fa6bc0, 198, 215, 206, 182, 195, 188,0x564d13fa6bc0, 208, 223, 215, 187, 201, 193,0x564d13fa6bc0, 212, 227, 218, 190, 202, 197,0x564d13fa6bc0, 222, 234, 228, 186, 197, 190,0x564d13fa6bc0, 218, 229, 223, 184, 197, 189,
0x564d13fa6c00, 226, 248, 230, 196, 222, 202,0x564d13fa6c00, 216, 229, 222, 192, 206, 199,0x564d13fa6c00, 212, 224, 217, 190, 201, 196,0x564d13fa6c00, 188, 201, 194, 184, 199, 189,0x564d13fa6c00, 192, 205, 198, 186, 201, 193,0x564d13fa6c00, 202, 213, 206, 190, 205, 197,0x564d13fa6c00, 204, 217, 210, 194, 208, 200,0x564d13fa6c00, 223, 235, 228, 196, 207, 201,0x564d13fa6c00, 214, 225, 218, 190, 203, 196,0x564d13fa6c00, 210, 222, 214, 188, 199, 193,0x564d13fa6c00, 186, 199, 191, 182, 193, 187,0x564d13fa6c00, 190, 202, 194, 186, 196, 191,0x564d13fa6c00, 198, 209, 202, 188, 199, 194,0x564d13fa6c00, 202, 214, 207, 192, 202, 197,0x564d13fa6c00, 230, 242, 234, 200, 211, 205,0x564d13fa6c00, 226, 238, 232, 198, 211, 204,
0x564d13fa6c40, 214, 226, 220, 202, 214, 208,0x564d13fa6c40, 202, 216, 209, 198, 209, 203,0x564d13fa6c40, 200, 211, 205, 196, 209, 202,0x564d13fa6c40, 190, 203, 196, 192, 206, 199,0x564d13fa6c40, 188, 199, 192, 188, 199, 192,0x564d13fa6c40, 212, 226, 218, 194, 205, 198,0x564d13fa6c40, 218, 232, 224, 194, 205, 200,0x564d13fa6c40, 208, 223, 215, 198, 210, 204,0x564d13fa6c40, 200, 211, 205, 194, 205, 199,0x564d13fa6c40, 198, 210, 203, 192, 205, 198,0x564d13fa6c40, 186, 201, 192, 188, 201, 194,0x564d13fa6c40, 186, 197, 191, 184, 197, 190,0x564d13fa6c40, 212, 224, 216, 189, 201, 195,0x564d13fa6c40, 216, 227, 222, 190, 202, 196,0x564d13fa6c40, 216, 230, 222, 206, 218, 210,0x564d13fa6c40, 212, 225, 217, 202, 213, 207,
0x564d13fa6c80, 226, 238, 230, 196, 207, 202,0x564d13fa6c80, 214, 225, 220, 190, 205, 197,0x564d13fa6c80, 210, 224, 216, 190, 203, 196,0x564d13fa6c80, 184, 195, 190, 186, 196, 191,0x564d13fa6c80, 190, 203, 195, 188, 201, 194,0x564d13fa6c80, 200, 210, 206, 192, 205, 197,0x564d13fa6c80, 202, 214, 209, 192, 205, 198,0x564d13fa6c80, 220, 232, 226, 194, 205, 198,0x564d13fa6c80, 212, 224, 217, 188, 201, 195,0x564d13fa6c80, 208, 220, 213, 189, 201, 194,0x564d13fa6c80, 182, 194, 187, 182, 196, 188,0x564d13fa6c80, 186, 202, 192, 184, 197, 191,0x564d13fa6c80, 196, 208, 202, 188, 201, 194,0x564d13fa6c80, 202, 211, 206, 190, 201, 195,0x564d13fa6c80, 230, 240, 234, 200, 210, 204,0x564d13fa6c80, 222, 234, 228, 196, 209, 202,
0x564d13fa6cc0, 212, 224, 218, 200, 211, 204,0x564d13fa6cc0, 202, 216, 209, 198, 209, 203,0x564d13fa6cc0, 198, 214, 204, 194, 207, 199,0x564d13fa6cc0, 188, 201, 195, 190, 201, 194,0x564d13fa6cc0, 186, 198, 192, 188, 199, 192,0x564d13fa6cc0, 214, 227, 220, 190, 205, 196,0x564d13fa6cc0, 218, 228, 224, 194, 205, 199,0x564d13fa6cc0, 208, 222, 214, 200, 211, 204,0x564d13fa6cc0, 198, 212, 206, 194, 205, 200,0x564d13fa6cc0, 196, 208, 202, 192, 203, 197,0x564d13fa6cc0, 184, 199, 190, 186, 197, 192,0x564d13fa6cc0, 182, 195, 188, 184, 197, 190,0x564d13fa6cc0, 210, 226, 217, 186, 201, 193,0x564d13fa6cc0, 214, 228, 220, 191, 201, 197,0x564d13fa6cc0, 216, 230, 222, 202, 214, 208,0x564d13fa6cc0, 212, 223, 217, 202, 214, 206,
0x564d13fa6d00, 226, 238, 232, 196, 209, 202,0x564d13fa6d00, 216, 229, 221, 192, 207, 199,0x564d13fa6d00, 212, 223, 217, 190, 201, 196,0x564d13fa6d00, 188, 199, 194, 184, 196, 191,0x564d13fa6d00, 194, 206, 198, 186, 199, 193,0x564d13fa6d00, 200, 230, 206, 190, 205, 197,0x564d13fa6d00, 204, 216, 210, 194, 207, 200,0x564d13fa6d00, 224, 232, 228, 196, 207, 200,0x564d13fa6d00, 212, 227, 218, 192, 203, 197,0x564d13fa6d00, 210, 222, 214, 188, 222, 194,0x564d13fa6d00, 184, 197, 190, 182, 195, 188,0x564d13fa6d00, 190, 202, 195, 184, 195, 190,0x564d13fa6d00, 198, 210, 202, 188, 199, 194,0x564d13fa6d00, 202, 213, 207, 192, 203, 197,0x564d13fa6d00, 228, 240, 234, 200, 211, 204,0x564d13fa6d00, 224, 238, 232, 198, 211, 204,
0x564d13fa6d40, 214, 228, 220, 202, 214, 206,0x564d13fa6d40, 202, 216, 209, 198, 210, 204,0x564d13fa6d40, 200, 212, 206, 196, 207, 202,0x564d13fa6d40, 190, 205, 197, 192, 205, 197,0x564d13fa6d40, 188, 197, 192, 188, 199, 192,0x564d13fa6d40, 214, 228, 220, 192, 216, 198,0x564d13fa6d40, 220, 233, 226, 194, 207, 200,0x564d13fa6d40, 208, 221, 214, 200, 211, 204,0x564d13fa6d40, 200, 211, 206, 194, 205, 199,0x564d13fa6d40, 198, 210, 202, 194, 206, 199,0x564d13fa6d40, 186, 199, 193, 188, 201, 195,0x564d13fa6d40, 186, 195, 190, 184, 196, 190,0x564d13fa6d40, 210, 223, 216, 188, 201, 195,0x564d13fa6d40, 216, 229, 222, 190, 202, 196,0x564d13fa6d40, 218, 232, 224, 206, 218, 210,0x564d13fa6d40, 212, 224, 218, 202, 213, 206,
0x564d13fa6d80, 226, 238, 232, 196, 210, 202,0x564d13fa6d80, 214, 226, 220, 190, 203, 196,0x564d13fa6d80, 212, 222, 216, 190, 201, 196,0x564d13fa6d80, 184, 197, 191, 184, 199, 191,0x564d13fa6d80, 190, 203, 196, 186, 199, 193,0x564d13fa6d80, 198, 213, 204, 190, 238, 199,0x564d13fa6d80, 206, 217, 210, 192, 205, 198,0x564d13fa6d80, 220, 232, 226, 194, 209, 198,0x564d13fa6d80, 212, 224, 217, 188, 201, 194,0x564d13fa6d80, 208, 220, 212, 188, 199, 192,0x564d13fa6d80, 184, 193, 188, 186, 194, 190,0x564d13fa6d80, 188, 199, 192, 184, 194, 189,0x564d13fa6d80, 196, 207, 200, 188, 201, 194,0x564d13fa6d80, 202, 216, 208, 190, 202, 196,0x564d13fa6d80, 230, 241, 234, 200, 211, 204,0x564d13fa6d80, 222, 236, 228, 196, 208, 202,
0x564d13fa6dc0, 210, 226, 216, 200, 211, 205,0x564d13fa6dc0, 202, 214, 208, 198, 209, 203,0x564d13fa6dc0, 196, 209, 202, 194, 205, 199,0x564d13fa6dc0, 188, 201, 195, 190, 203, 195,0x564d13fa6dc0, 186, 197, 190, 188, 199, 193,0x564d13fa6dc0, 214, 230, 220, 190, 207, 196,0x564d13fa6dc0, 218, 232, 225, 194, 205, 199,0x564d13fa6dc0, 208, 221, 214, 198, 211, 204,0x564d13fa6dc0, 200, 211, 205, 194, 205, 200,0x564d13fa6dc0, 196, 224, 200, 190, 202, 197,0x564d13fa6dc0, 184, 199, 190, 186, 199, 192,0x564d13fa6dc0, 183, 195, 188, 184, 198, 189,0x564d13fa6dc0, 210, 225, 216, 187, 200, 193,0x564d13fa6dc0, 214, 228, 222, 190, 203, 196,0x564d13fa6dc0, 214, 226, 220, 202, 213, 208,0x564d13fa6dc0, 212, 223, 216, 202, 213, 207,
0x564d13fa6e00, 222, 237, 229, 210, 223, 216,0x564d13fa6e00, 212, 225, 218, 206, 219, 212,0x564d13fa6e00, 208, 219, 214, 206, 220, 211,0x564d13fa6e00, 198, 212, 205, 200, 212, 205,0x564d13fa6e00, 192, 205, 199, 196, 209, 203,0x564d13fa6e00, 190, 199, 194, 190, 203, 197,0x564d13fa6e00, 214, 228, 220, 194, 207, 200,0x564d13fa6e00, 218, 229, 224, 208, 219, 212,0x564d13fa6e00, 208, 220, 214, 204, 215, 209,0x564d13fa6e00, 204, 219, 212, 202, 214, 207,0x564d13fa6e00, 196, 209, 202, 198, 209, 203,0x564d13fa6e00, 190, 203, 197, 196, 207, 200,0x564d13fa6e00, 186, 199, 192, 188, 200, 194,0x564d13fa6e00, 210, 246, 218, 192, 244, 207,0x564d13fa6e00, 225, 240, 232, 212, 226, 219,0x564d13fa6e00, 220, 230, 226, 210, 224, 217,
0x564d13fa6e40, 228, 240, 232, 214, 226, 220,0x564d13fa6e40, 220, 232, 224, 212, 223, 216,0x564d13fa6e40, 214, 225, 219, 208, 220, 214,0x564d13fa6e40, 206, 216, 210, 204, 216, 210,0x564d13fa6e40, 200, 213, 206, 202, 212, 207,0x564d13fa6e40, 194, 205, 199, 198, 209, 204,0x564d13fa6e40, 186, 199, 193, 194, 207, 200,0x564d13fa6e40, 224, 237, 230, 212, 225, 218,0x564d13fa6e40, 216, 229, 222, 208, 221, 214,0x564d13fa6e40, 210, 220, 215, 206, 218, 210,0x564d13fa6e40, 200, 213, 207, 200, 213, 206,0x564d13fa6e40, 198, 211, 204, 200, 213, 206,0x564d13fa6e40, 188, 201, 194, 194, 207, 201,0x564d13fa6e40, 181, 224, 189, 190, 232, 201,0x564d13fa6e40, 232, 244, 238, 218, 230, 222,0x564d13fa6e40, 228, 240, 234, 216, 228, 222,
0x564d13fa6e80, 222, 235, 226, 210, 222, 215,0x564d13fa6e80, 212, 224, 216, 206, 219, 212,0x564d13fa6e80, 206, 219, 212, 202, 215, 208,0x564d13fa6e80, 198, 209, 203, 198, 211, 204,0x564d13fa6e80, 194, 205, 199, 196, 209, 203,0x564d13fa6e80, 187, 199, 192, 190, 202, 197,0x564d13fa6e80, 210, 227, 219, 192, 205, 199,0x564d13fa6e80, 216, 230, 224, 208, 221, 213,0x564d13fa6e80, 208, 220, 214, 204, 215, 208,0x564d13fa6e80, 204, 216, 208, 200, 211, 206,0x564d13fa6e80, 194, 207, 200, 196, 209, 201,0x564d13fa6e80, 190, 204, 197, 196, 206, 200,0x564d13fa6e80, 184, 197, 189, 190, 201, 194,0x564d13fa6e80, 208, 220, 215, 190, 201, 196,0x564d13fa6e80, 222, 236, 228, 214, 223, 218,0x564d13fa6e80, 220, 230, 226, 210, 223, 217,
0x564d13fa6ec0, 228, 242, 234, 214, 228, 220,0x564d13fa6ec0, 216, 228, 222, 210, 222, 215,0x564d13fa6ec0, 212, 225, 218, 208, 221, 214,0x564d13fa6ec0, 206, 216, 210, 204, 216, 210,0x564d13fa6ec0, 200, 213, 205, 200, 211, 206,0x564d13fa6ec0, 190, 201, 196, 196, 209, 202,0x564d13fa6ec0, 184, 197, 190, 194, 205, 199,0x564d13fa6ec0, 222, 236, 228, 210, 224, 217,0x564d13fa6ec0, 212, 226, 219, 206, 219, 212,0x564d13fa6ec0, 210, 221, 214, 206, 217, 210,0x564d13fa6ec0, 202, 213, 208, 200, 213, 206,0x564d13fa6ec0, 196, 210, 202, 198, 211, 204,0x564d13fa6ec0, 188, 199, 192, 192, 205, 199,0x564d13fa6ec0, 180, 193, 187, 190, 203, 196,0x564d13fa6ec0, 232, 244, 236, 218, 230, 222,0x564d13fa6ec0, 226, 238, 232, 214, 228, 220,
0x564d13fa6f00, 222, 236, 228, 212, 223, 216,0x564d13fa6f00, 212, 225, 218, 206, 220, 212,0x564d13fa6f00, 208, 222, 214, 206, 219, 212,0x564d13fa6f00, 198, 212, 206, 200, 212, 206,0x564d13fa6f00, 194, 208, 200, 198, 211, 204,0x564d13fa6f00, 186, 199, 192, 190, 202, 197,0x564d13fa6f00, 216, 230, 223, 192, 205, 199,0x564d13fa6f00, 218, 242, 225, 208, 220, 214,0x564d13fa6f00, 210, 221, 214, 204, 216, 208,0x564d13fa6f00, 206, 222, 212, 202, 215, 208,0x564d13fa6f00, 196, 209, 203, 198, 209, 204,0x564d13fa6f00, 192, 205, 196, 194, 207, 200,0x564d13fa6f00, 186, 197, 190, 190, 201, 196,0x564d13fa6f00, 210, 223, 217, 192, 203, 197,0x564d13fa6f00, 224, 239, 232, 212, 226, 219,0x564d13fa6f00, 221, 234, 228, 210, 223, 216,
0x564d13fa6f40, 228, 240, 234, 214, 227, 220,0x564d13fa6f40, 218, 230, 224, 212, 223, 216,0x564d13fa6f40, 214, 224, 219, 208, 222, 214,0x564d13fa6f40, 204, 216, 210, 204, 216, 209,0x564d13fa6f40, 200, 214, 207, 202, 216, 208,0x564d13fa6f40, 194, 204, 198, 198, 209, 204,0x564d13fa6f40, 186, 199, 193, 194, 205, 199,0x564d13fa6f40, 224, 248, 230, 212, 225, 218,0x564d13fa6f40, 216, 228, 222, 212, 221, 216,0x564d13fa6f40, 212, 224, 216, 206, 220, 212,0x564d13fa6f40, 200, 213, 206, 202, 213, 206,0x564d13fa6f40, 198, 211, 204, 200, 213, 206,0x564d13fa6f40, 190, 201, 194, 194, 208, 201,0x564d13fa6f40, 182, 195, 189, 190, 201, 196,0x564d13fa6f40, 230, 243, 236, 218, 230, 222,0x564d13fa6f40, 228, 240, 234, 218, 228, 222,
0x564d13fa6f80, 222, 233, 228, 208, 220, 214,0x564d13fa6f80, 212, 227, 218, 206, 220, 212,0x564d13fa6f80, 206, 218, 212, 202, 214, 208,0x564d13fa6f80, 196, 209, 202, 198, 211, 204,0x564d13fa6f80, 194, 206, 200, 196, 209, 203,0x564d13fa6f80, 188, 197, 192, 190, 203, 197,0x564d13fa6f80, 212, 226, 219, 192, 207, 199,0x564d13fa6f80, 218, 232, 224, 208, 220, 213,0x564d13fa6f80, 210, 224, 215, 204, 215, 208,0x564d13fa6f80, 204, 217, 209, 200, 213, 206,0x564d13fa6f80, 194, 207, 200, 196, 207, 200,0x564d13fa6f80, 190, 205, 197, 194, 206, 200,0x564d13fa6f80, 182, 195, 188, 188, 201, 194,0x564d13fa6f80, 208, 221, 215, 190, 205, 197,0x564d13fa6f80, 223, 236, 230, 210, 223, 216,0x564d13fa6f80, 220, 234, 228, 210, 224, 216,
0x564d13fa6fc0, 228, 239, 232, 214, 225, 220,0x564d13fa6fc0, 216, 228, 222, 210, 222, 214,0x564d13fa6fc0, 212, 223, 218, 208, 220, 214,0x564d13fa6fc0, 206, 215, 210, 204, 216, 210,0x564d13fa6fc0, 200, 213, 206, 200, 212, 204,0x564d13fa6fc0, 190, 201, 194, 196, 207, 202,0x564d13fa6fc0, 184, 196, 189, 194, 207, 200,0x564d13fa6fc0, 224, 234, 230, 212, 222, 217,0x564d13fa6fc0, 214, 224, 219, 206, 219, 212,0x564d13fa6fc0, 210, 222, 215, 206, 219, 212,0x564d13fa6fc0, 200, 213, 207, 200, 213, 206,0x564d13fa6fc0, 196, 209, 202, 196, 210, 204,0x564d13fa6fc0, 188, 205, 193, 192, 204, 198,0x564d13fa6fc0, 180, 193, 187, 190, 201, 196,0x564d13fa6fc0, 232, 244, 236, 218, 230, 222,0x564d13fa6fc0, 226, 238, 232, 214, 226, 220,
